"","ID","gene"
"1","MA0002.1","RUNX1"
"2","MA0002.2","Runx1"
"3","MA0003.1","TFAP2A"
"4","MA0003.2","TFAP2A"
"5","MA0003.3","TFAP2A"
"6","MA0003.4","TFAP2A"
"7","MA0004.1","Arnt"
"8","MA0006.1","Ahr::Arnt"
"9","MA0007.1","Ar"
"10","MA0007.2","AR"
"11","MA0007.3","Ar"
"12","MA0009.1","Tbxt"
"13","MA0009.2","TBXT"
"14","MA0014.1","Pax5"
"15","MA0014.2","PAX5"
"16","MA0014.3","PAX5"
"17","MA0017.1","NR2F1"
"18","MA0017.2","NR2F1"
"19","MA0018.1","CREB1"
"20","MA0018.2","CREB1"
"21",NA,NA
"22",NA,NA
"23","MA0018.3","CREB1"
"24","MA0018.4","CREB1"
"25","MA0019.1","Ddit3::Cebpa"
"26","MA0024.1","E2F1"
"27","MA0024.2","E2F1"
"28","MA0024.3","E2F1"
"29","MA0025.1","NFIL3"
"30","MA0025.2","NFIL3"
"31","MA0027.1","En1"
"32","MA0027.2","EN1"
"33","MA0028.1","ELK1"
"34","MA0028.2","ELK1"
"35","MA0029.1","Mecom"
"36","MA0030.1","FOXF2"
"37","MA0031.1","FOXD1"
"38","MA0032.1","FOXC1"
"39","MA0032.2","FOXC1"
"40","MA0033.1","FOXL1"
"41","MA0033.2","FOXL1"
"42","MA0035.1","Gata1"
"43","MA0035.2","Gata1"
"44","MA0035.3","Gata1"
"45","MA0035.4","GATA1"
"46","MA0036.1","GATA2"
"47","MA0036.2","GATA2"
"48","MA0036.3","GATA2"
"49","MA0037.1","GATA3"
"50","MA0037.2","GATA3"
"51","MA0037.3","GATA3"
"52","MA0037.4","Gata3"
"53","MA0038.1","Gfi1"
"54","MA0038.2","GFI1"
"55","MA0039.1","Klf4"
"56","MA0039.2","Klf4"
"57","MA0039.3","KLF4"
"58","MA0039.4","KLF4"
"59","MA0040.1","Foxq1"
"60","MA0041.1","Foxd3"
"61","MA0041.2","FOXD3"
"62","MA0042.1","FOXI1"
"63","MA0042.2","FOXI1"
"64","MA0043.1","HLF"
"65","MA0043.2","HLF"
"66","MA0043.3","HLF"
"67","MA0046.1","HNF1A"
"68","MA0046.2","HNF1A"
"69","MA0047.1","Foxa2"
"70","MA0047.2","Foxa2"
"71","MA0047.3","FOXA2"
"72","MA0048.1","NHLH1"
"73","MA0048.2","NHLH1"
"74","MA0050.1","IRF1"
"75","MA0050.2","IRF1"
"76","MA0050.3","Irf1"
"77","MA0051.1","IRF2"
"78","MA0052.1","MEF2A"
"79","MA0052.2","MEF2A"
"80","MA0052.3","MEF2A"
"81","MA0052.4","MEF2A"
"82","MA0056.1","MZF1"
"83","MA0056.2","MZF1"
"84","MA0058.1","MAX"
"85","MA0058.2","MAX"
"86","MA0058.3","MAX"
"87","MA0059.1","MAX::MYC"
"88","MA0060.1","NFYA"
"89",NA,NA
"90",NA,NA
"91",NA,NA
"92",NA,NA
"93",NA,NA
"94",NA,NA
"95",NA,NA
"96","MA0060.2","NFYA"
"97","MA0060.3","NFYA"
"98","MA0062.1","GABPA"
"99","MA0062.2","Gabpa"
"100","MA0062.3","GABPA"
"101","MA0063.1","Nkx2-5"
"102","MA0063.2","NKX2-5"
"103","MA0065.1","PPARG::RXRA"
"104","MA0065.2","Pparg::Rxra"
"105","MA0066.1","PPARG"
"106","MA0067.1","Pax2"
"107","MA0067.2","PAX2"
"108","MA0068.1","Pax4"
"109","MA0068.2","PAX4"
"110","MA0069.1","PAX6"
"111","MA0070.1","PBX1"
"112","MA0071.1","RORA"
"113","MA0072.1","RORA"
"114","MA0073.1","RREB1"
"115","MA0074.1","RXRA::VDR"
"116","MA0075.1","Prrx2"
"117","MA0075.2","Prrx2"
"118","MA0075.3","PRRX2"
"119","MA0076.1","ELK4"
"120","MA0076.2","ELK4"
"121","MA0077.1","SOX9"
"122","MA0078.1","Sox17"
"123","MA0078.2","Sox17"
"124","MA0079.1","SP1"
"125","MA0079.2","SP1"
"126",NA,NA
"127",NA,NA
"128","MA0079.3","SP1"
"129","MA0079.4","SP1"
"130","MA0079.5","SP1"
"131","MA0080.1","SPI1"
"132","MA0080.2","SPI1"
"133","MA0080.3","Spi1"
"134","MA0080.4","SPI1"
"135","MA0080.5","SPI1"
"136","MA0080.6","Spi1"
"137","MA0081.1","SPIB"
"138","MA0081.2","SPIB"
"139","MA0083.1","SRF"
"140","MA0083.2","SRF"
"141","MA0083.3","SRF"
"142","MA0084.1","SRY"
"143","MA0087.1","Sox5"
"144","MA0087.2","Sox5"
"145","MA0088.1","znf143"
"146","MA0088.2","ZNF143"
"147","MA0089.1","MAFG::NFE2L1"
"148","MA0089.2","MAFG::NFE2L1"
"149","MA0090.1","TEAD1"
"150","MA0090.2","TEAD1"
"151","MA0090.3","TEAD1"
"152","MA0091.1","TAL1::TCF3"
"153","MA0092.1","Hand1::Tcf3"
"154","MA0093.1","USF1"
"155","MA0093.2","USF1"
"156","MA0093.3","USF1"
"157","MA0095.1","YY1"
"158","MA0095.2","YY1"
"159","MA0095.3","Yy1"
"160","MA0098.1","ETS1"
"161","MA0098.2","Ets1"
"162","MA0098.3","ETS1"
"163","MA0099.1","Fos::Jun"
"164","MA0099.2","FOS::JUN"
"165",NA,NA
"166",NA,NA
"167","MA0099.3","FOS::JUN"
"168","MA0100.1","Myb"
"169","MA0100.2","Myb"
"170","MA0100.3","MYB"
"171","MA0101.1","REL"
"172","MA0102.1","Cebpa"
"173",NA,NA
"174","MA0102.2","CEBPA"
"175",NA,NA
"176","MA0102.3","CEBPA"
"177","MA0102.4","CEBPA"
"178","MA0103.1","ZEB1"
"179","MA0103.2","ZEB1"
"180","MA0103.3","ZEB1"
"181","MA0104.1","Mycn"
"182","MA0104.2","Mycn"
"183","MA0104.3","Mycn"
"184","MA0104.4","MYCN"
"185","MA0105.1","NFKB1"
"186",NA,NA
"187",NA,NA
"188",NA,NA
"189","MA0105.2","NFKB1"
"190","MA0105.3","NFKB1"
"191","MA0105.4","NFKB1"
"192","MA0106.1","TP53"
"193","MA0106.2","TP53"
"194","MA0106.3","TP53"
"195","MA0107.1","RELA"
"196","MA0108.1","TBP"
"197","MA0108.2","TBP"
"198","MA0111.1","Spz1"
"199","MA0112.1","ESR1"
"200",NA,NA
"201",NA,NA
"202",NA,NA
"203",NA,NA
"204",NA,NA
"205",NA,NA
"206",NA,NA
"207","MA0112.2","ESR1"
"208","MA0112.3","ESR1"
"209","MA0113.1","NR3C1"
"210",NA,NA
"211",NA,NA
"212",NA,NA
"213",NA,NA
"214","MA0113.2","NR3C1"
"215","MA0113.3","NR3C1"
"216","MA0114.1","HNF4A"
"217","MA0114.2","HNF4A"
"218","MA0114.3","Hnf4a"
"219","MA0114.4","HNF4A"
"220","MA0115.1","NR1H2::RXRA"
"221","MA0116.1","Znf423"
"222","MA0117.1","Mafb"
"223","MA0117.2","Mafb"
"224","MA0119.1","NFIC::TLX1"
"225","MA0122.1","Nkx3-2"
"226","MA0122.2","NKX3-2"
"227","MA0122.3","Nkx3-2"
"228","MA0124.1","NKX3-1"
"229","MA0124.2","Nkx3-1"
"230","MA0125.1","Nobox"
"231","MA0130.1","ZNF354C"
"232","MA0131.1","HINFP"
"233","MA0131.2","HINFP"
"234","MA0132.1","Pdx1"
"235","MA0132.2","PDX1"
"236","MA0135.1","Lhx3"
"237","MA0136.1","ELF5"
"238","MA0136.2","ELF5"
"239","MA0136.3","Elf5"
"240","MA0137.1","STAT1"
"241","MA0137.2","STAT1"
"242","MA0137.3","STAT1"
"243","MA0138.1","REST"
"244","MA0138.2","REST"
"245","MA0139.1","CTCF"
"246","MA0140.1","Gata1::Tal1"
"247","MA0140.2","GATA1::TAL1"
"248","MA0141.1","Esrrb"
"249","MA0141.2","Esrrb"
"250","MA0141.3","ESRRB"
"251","MA0142.1","Pou5f1::Sox2"
"252","MA0143.1","Sox2"
"253","MA0143.2","Sox2"
"254","MA0143.3","Sox2"
"255","MA0143.4","SOX2"
"256","MA0144.1","Stat3"
"257","MA0144.2","STAT3"
"258","MA0145.1","Tfcp2l1"
"259","MA0145.2","Tfcp2l1"
"260","MA0146.1","Zfx"
"261","MA0146.2","Zfx"
"262","MA0147.1","Myc"
"263","MA0147.2","Myc"
"264","MA0147.3","MYC"
"265","MA0148.1","FOXA1"
"266","MA0148.2","FOXA1"
"267","MA0148.3","FOXA1"
"268","MA0148.4","FOXA1"
"269","MA0149.1","EWSR1-FLI1"
"270","MA0150.1","NFE2L2"
"271","MA0150.2","Nfe2l2"
"272","MA0151.1","Arid3a"
"273","MA0152.1","NFATC2"
"274",NA,NA
"275",NA,NA
"276","MA0152.2","Nfatc2"
"277","MA0153.1","HNF1B"
"278",NA,NA
"279","MA0153.2","HNF1B"
"280","MA0154.1","EBF1"
"281","MA0154.2","EBF1"
"282","MA0154.3","EBF1"
"283","MA0154.4","EBF1"
"284","MA0155.1","INSM1"
"285","MA0156.1","FEV"
"286",NA,NA
"287","MA0156.2","FEV"
"288","MA0156.3","FEV"
"289","MA0157.1","FOXO3"
"290",NA,NA
"291","MA0157.2","FOXO3"
"292","MA0157.3","Foxo3"
"293","MA0158.1","HOXA5"
"294",NA,NA
"295","MA0158.2","HOXA5"
"296","MA0159.1","RARA::RXRA"
"297","MA0160.1","NR4A2"
"298",NA,NA
"299",NA,NA
"300","MA0160.2","NR4A2"
"301","MA0161.1","NFIC"
"302","MA0161.2","NFIC"
"303","MA0162.1","Egr1"
"304","MA0162.2","EGR1"
"305","MA0162.3","EGR1"
"306","MA0162.4","EGR1"
"307","MA0163.1","PLAG1"
"308","MA0164.1","Nr2e3"
"309","MA0258.1","ESR2"
"310","MA0258.2","ESR2"
"311","MA0259.1","ARNT::HIF1A"
"312",NA,NA
"313",NA,NA
"314",NA,NA
"315","MA0442.1","SOX10"
"316",NA,NA
"317",NA,NA
"318","MA0442.2","SOX10"
"319","MA0461.1","Atoh1"
"320","MA0461.2","Atoh1"
"321","MA0462.1","BATF::JUN"
"322","MA0462.2","BATF::JUN"
"323","MA0463.1","Bcl6"
"324","MA0463.2","BCL6"
"325","MA0464.1","Bhlhe40"
"326","MA0464.2","BHLHE40"
"327","MA0465.1","CDX2"
"328","MA0465.2","CDX2"
"329","MA0466.1","CEBPB"
"330","MA0466.2","CEBPB"
"331","MA0466.3","CEBPB"
"332","MA0467.1","Crx"
"333","MA0467.2","Crx"
"334","MA0468.1","DUX4"
"335","MA0469.1","E2F3"
"336","MA0469.2","E2F3"
"337","MA0469.3","E2F3"
"338","MA0470.1","E2F4"
"339","MA0470.2","E2F4"
"340","MA0471.1","E2F6"
"341","MA0471.2","E2F6"
"342","MA0472.1","Egr2"
"343","MA0472.2","EGR2"
"344","MA0473.1","ELF1"
"345","MA0473.2","ELF1"
"346","MA0473.3","ELF1"
"347","MA0474.1","Erg"
"348","MA0474.2","ERG"
"349","MA0474.3","Erg"
"350","MA0475.1","FLI1"
"351","MA0475.2","FLI1"
"352","MA0476.1","FOS"
"353","MA0477.1","FOSL1"
"354","MA0477.2","FOSL1"
"355","MA0478.1","FOSL2"
"356","MA0479.1","FOXH1"
"357","MA0480.1","Foxo1"
"358","MA0480.2","Foxo1"
"359","MA0481.1","FOXP1"
"360","MA0481.2","FOXP1"
"361","MA0481.3","FOXP1"
"362","MA0482.1","Gata4"
"363","MA0482.2","GATA4"
"364","MA0483.1","Gfi1B"
"365","MA0484.1","HNF4G"
"366","MA0484.2","HNF4G"
"367","MA0485.1","Hoxc9"
"368","MA0485.2","HOXC9"
"369","MA0486.1","HSF1"
"370","MA0486.2","HSF1"
"371","MA0488.1","JUN"
"372","MA0489.1","JUN"
"373","MA0489.2","Jun"
"374","MA0490.1","JUNB"
"375","MA0490.2","JUNB"
"376","MA0491.1","JUND"
"377","MA0491.2","JUND"
"378","MA0492.1","JUND"
"379","MA0493.1","Klf1"
"380","MA0493.2","KLF1"
"381","MA0494.1","Nr1h3::Rxra"
"382","MA0495.1","MAFF"
"383","MA0495.2","MAFF"
"384","MA0495.3","MAFF"
"385","MA0496.1","MAFK"
"386","MA0496.2","MAFK"
"387","MA0496.3","MAFK"
"388","MA0497.1","MEF2C"
"389","MA0498.1","Meis1"
"390","MA0498.2","MEIS1"
"391","MA0499.1","Myod1"
"392","MA0499.2","MYOD1"
"393","MA0500.1","Myog"
"394","MA0500.2","MYOG"
"395","MA0501.1","MAF::NFE2"
"396","MA0502.1","NFYB"
"397","MA0502.2","NFYB"
"398","MA0504.1","NR2C2"
"399","MA0505.1","Nr5a2"
"400","MA0505.2","Nr5A2"
"401","MA0506.1","NRF1"
"402","MA0506.2","Nrf1"
"403","MA0507.1","POU2F2"
"404","MA0507.2","POU2F2"
"405","MA0508.1","PRDM1"
"406","MA0508.2","PRDM1"
"407","MA0508.3","PRDM1"
"408","MA0509.1","Rfx1"
"409","MA0509.2","RFX1"
"410","MA0509.3","RFX1"
"411","MA0510.1","RFX5"
"412","MA0510.2","RFX5"
"413","MA0511.1","RUNX2"
"414","MA0511.2","RUNX2"
"415","MA0512.1","Rxra"
"416","MA0512.2","Rxra"
"417","MA0514.1","Sox3"
"418","MA0514.2","Sox3"
"419","MA0515.1","Sox6"
"420","MA0516.1","SP2"
"421","MA0516.2","SP2"
"422","MA0516.3","SP2"
"423","MA0517.1","STAT1::STAT2"
"424","MA0518.1","Stat4"
"425","MA0519.1","Stat5a::Stat5b"
"426","MA0520.1","Stat6"
"427","MA0521.1","Tcf12"
"428","MA0521.2","Tcf12"
"429","MA0522.1","Tcf3"
"430","MA0522.2","TCF3"
"431","MA0522.3","TCF3"
"432","MA0523.1","TCF7L2"
"433","MA0524.1","TFAP2C"
"434","MA0524.2","TFAP2C"
"435","MA0525.1","TP63"
"436","MA0525.2","TP63"
"437","MA0526.1","USF2"
"438","MA0526.2","USF2"
"439","MA0526.3","USF2"
"440","MA0526.4","USF2"
"441","MA0527.1","ZBTB33"
"442","MA0528.1","ZNF263"
"443","MA0528.2","ZNF263"
"444","MA0591.1","Bach1::Mafk"
"445","MA0592.1","ESRRA"
"446","MA0592.2","Esrra"
"447","MA0592.3","ESRRA"
"448","MA0593.1","FOXP2"
"449","MA0594.1","Hoxa9"
"450","MA0594.2","HOXA9"
"451","MA0595.1","SREBF1"
"452","MA0596.1","SREBF2"
"453","MA0597.1","THAP1"
"454","MA0597.2","THAP1"
"455","MA0598.1","EHF"
"456","MA0598.2","EHF"
"457","MA0598.3","EHF"
"458","MA0599.1","KLF5"
"459","MA0600.1","RFX2"
"460","MA0600.2","RFX2"
"461","MA0601.1","Arid3b"
"462","MA0602.1","Arid5a"
"463","MA0603.1","Arntl"
"464","MA0604.1","Atf1"
"465","MA0605.1","Atf3"
"466","MA0605.2","ATF3"
"467","MA0606.1","NFAT5"
"468","MA0606.2","Nfat5"
"469","MA0607.1","Bhlha15"
"470","MA0607.2","BHLHA15"
"471","MA0608.1","Creb3l2"
"472","MA0609.1","Crem"
"473","MA0609.2","CREM"
"474","MA0610.1","DMRT3"
"475","MA0611.1","Dux"
"476","MA0611.2","Dux"
"477","MA0612.1","EMX1"
"478","MA0612.2","EMX1"
"479","MA0613.1","FOXG1"
"480","MA0614.1","Foxj2"
"481","MA0615.1","Gmeb1"
"482","MA0616.1","Hes2"
"483","MA0616.2","HES2"
"484","MA0618.1","LBX1"
"485","MA0619.1","LIN54"
"486","MA0620.1","Mitf"
"487","MA0620.2","MITF"
"488","MA0620.3","MITF"
"489","MA0621.1","mix-a"
"490","MA0622.1","Mlxip"
"491","MA0623.1","Neurog1"
"492","MA0623.2","NEUROG1"
"493","MA0624.1","NFATC1"
"494","MA0624.2","Nfatc1"
"495","MA0625.1","NFATC3"
"496","MA0625.2","NFATC3"
"497","MA0626.1","Npas2"
"498","MA0627.1","Pou2f3"
"499","MA0627.2","POU2F3"
"500","MA0628.1","POU6F1"
"501","MA0629.1","Rhox11"
"502","MA0630.1","SHOX"
"503","MA0631.1","Six3"
"504","MA0632.1","Tcfl5"
"505","MA0632.2","TCFL5"
"506","MA0633.1","Twist2"
"507","MA0633.2","Twist2"
"508","MA0634.1","ALX3"
"509","MA0635.1","BARHL2"
"510","MA0636.1","BHLHE41"
"511","MA0638.1","CREB3"
"512","MA0639.1","DBP"
"513","MA0640.1","ELF3"
"514","MA0640.2","ELF3"
"515","MA0641.1","ELF4"
"516","MA0642.1","EN2"
"517","MA0642.2","EN2"
"518","MA0643.1","Esrrg"
"519","MA0644.1","ESX1"
"520","MA0644.2","ESX1"
"521","MA0645.1","ETV6"
"522","MA0646.1","GCM1"
"523","MA0647.1","GRHL1"
"524","MA0648.1","GSC"
"525","MA0649.1","HEY2"
"526","MA0650.1","HOXA13"
"527","MA0650.2","HOXA13"
"528","MA0650.3","Hoxa13"
"529","MA0651.1","HOXC11"
"530","MA0651.2","HOXC11"
"531","MA0652.1","IRF8"
"532","MA0653.1","IRF9"
"533","MA0654.1","ISX"
"534","MA0655.1","JDP2"
"535","MA0656.1","JDP2"
"536","MA0657.1","KLF13"
"537","MA0658.1","LHX6"
"538","MA0659.1","MAFG"
"539","MA0659.2","MAFG"
"540","MA0659.3","Mafg"
"541","MA0660.1","MEF2B"
"542","MA0661.1","MEOX1"
"543","MA0662.1","MIXL1"
"544","MA0663.1","MLX"
"545","MA0664.1","MLXIPL"
"546","MA0665.1","MSC"
"547","MA0666.1","MSX1"
"548","MA0666.2","MSX1"
"549","MA0667.1","MYF6"
"550","MA0668.1","NEUROD2"
"551","MA0668.2","Neurod2"
"552","MA0669.1","NEUROG2"
"553","MA0670.1","NFIA"
"554","MA0671.1","NFIX"
"555","MA0672.1","NKX2-3"
"556","MA0673.1","NKX2-8"
"557","MA0674.1","NKX6-1"
"558","MA0675.1","NKX6-2"
"559","MA0676.1","Nr2e1"
"560","MA0677.1","Nr2f6"
"561","MA0678.1","OLIG2"
"562","MA0679.1","ONECUT1"
"563","MA0679.2","ONECUT1"
"564","MA0680.1","PAX7"
"565","MA0680.2","Pax7"
"566","MA0681.1","Phox2b"
"567","MA0681.2","PHOX2B"
"568","MA0682.1","Pitx1"
"569","MA0682.2","PITX1"
"570","MA0683.1","POU4F2"
"571","MA0684.1","RUNX3"
"572","MA0684.2","RUNX3"
"573","MA0685.1","SP4"
"574","MA0685.2","SP4"
"575","MA0686.1","SPDEF"
"576","MA0687.1","SPIC"
"577","MA0688.1","TBX2"
"578","MA0689.1","TBX20"
"579","MA0690.1","TBX21"
"580","MA0690.2","TBX21"
"581","MA0691.1","TFAP4"
"582","MA0692.1","TFEB"
"583","MA0693.1","Vdr"
"584","MA0693.2","VDR"
"585","MA0693.3","Vdr"
"586","MA0694.1","ZBTB7B"
"587","MA0695.1","ZBTB7C"
"588","MA0696.1","ZIC1"
"589","MA0697.1","ZIC3"
"590","MA0697.2","Zic3"
"591","MA0698.1","ZBTB18"
"592","MA0699.1","LBX2"
"593","MA0700.1","LHX2"
"594","MA0700.2","LHX2"
"595","MA0701.1","LHX9"
"596","MA0701.2","LHX9"
"597","MA0702.1","LMX1A"
"598","MA0702.2","LMX1A"
"599","MA0703.1","LMX1B"
"600","MA0703.2","LMX1B"
"601","MA0704.1","Lhx4"
"602","MA0705.1","Lhx8"
"603","MA0706.1","MEOX2"
"604","MA0707.1","MNX1"
"605","MA0707.2","MNX1"
"606","MA0708.1","MSX2"
"607","MA0708.2","MSX2"
"608","MA0709.1","Msx3"
"609","MA0710.1","NOTO"
"610","MA0711.1","OTX1"
"611","MA0712.1","OTX2"
"612","MA0712.2","OTX2"
"613","MA0713.1","PHOX2A"
"614","MA0714.1","PITX3"
"615","MA0715.1","PROP1"
"616","MA0716.1","PRRX1"
"617","MA0717.1","RAX2"
"618","MA0718.1","RAX"
"619","MA0719.1","RHOXF1"
"620","MA0720.1","Shox2"
"621","MA0721.1","UNCX"
"622","MA0722.1","VAX1"
"623","MA0723.1","VAX2"
"624","MA0723.2","VAX2"
"625","MA0724.1","VENTX"
"626","MA0725.1","VSX1"
"627","MA0726.1","VSX2"
"628","MA0727.1","NR3C2"
"629","MA0728.1","Nr2F6"
"630","MA0729.1","RARA"
"631","MA0730.1","RARA"
"632","MA0731.1","BCL6B"
"633","MA0732.1","EGR3"
"634","MA0733.1","EGR4"
"635","MA0734.1","GLI2"
"636","MA0734.2","GLI2"
"637","MA0734.3","Gli2"
"638","MA0735.1","GLIS1"
"639","MA0736.1","GLIS2"
"640","MA0737.1","GLIS3"
"641","MA0738.1","HIC2"
"642","MA0739.1","Hic1"
"643","MA0740.1","KLF14"
"644","MA0740.2","KLF14"
"645","MA0741.1","KLF16"
"646","MA0742.1","Klf12"
"647","MA0742.2","KLF12"
"648","MA0743.1","SCRT1"
"649","MA0743.2","SCRT1"
"650","MA0744.1","SCRT2"
"651","MA0744.2","SCRT2"
"652","MA0745.1","SNAI2"
"653","MA0745.2","SNAI2"
"654","MA0746.1","SP3"
"655","MA0746.2","SP3"
"656","MA0747.1","SP8"
"657","MA0748.1","YY2"
"658","MA0748.2","YY2"
"659","MA0749.1","ZBED1"
"660","MA0750.1","ZBTB7A"
"661","MA0750.2","ZBTB7A"
"662","MA0751.1","ZIC4"
"663","MA0752.1","ZNF410"
"664","MA0753.1","ZNF740"
"665","MA0753.2","ZNF740"
"666","MA0754.1","CUX1"
"667","MA0754.2","CUX1"
"668","MA0755.1","CUX2"
"669","MA0756.1","ONECUT2"
"670","MA0756.2","ONECUT2"
"671","MA0757.1","ONECUT3"
"672","MA0758.1","E2F7"
"673","MA0759.1","ELK3"
"674","MA0759.2","ELK3"
"675","MA0760.1","ERF"
"676","MA0761.1","ETV1"
"677","MA0761.2","ETV1"
"678","MA0762.1","ETV2"
"679","MA0763.1","ETV3"
"680","MA0764.1","ETV4"
"681","MA0764.2","ETV4"
"682","MA0764.3","ETV4"
"683","MA0765.1","ETV5"
"684","MA0765.2","ETV5"
"685","MA0765.3","ETV5"
"686","MA0766.1","GATA5"
"687","MA0766.2","GATA5"
"688","MA0767.1","GCM2"
"689","MA0768.1","LEF1"
"690","MA0768.2","Lef1"
"691","MA0769.1","Tcf7"
"692","MA0769.2","TCF7"
"693","MA0770.1","HSF2"
"694","MA0771.1","HSF4"
"695","MA0772.1","IRF7"
"696","MA0773.1","MEF2D"
"697","MA0774.1","MEIS2"
"698","MA0775.1","MEIS3"
"699","MA0776.1","MYBL1"
"700","MA0777.1","MYBL2"
"701","MA0778.1","NFKB2"
"702","MA0779.1","PAX1"
"703","MA0780.1","PAX3"
"704","MA0781.1","PAX9"
"705","MA0782.1","PKNOX1"
"706","MA0782.2","PKNOX1"
"707","MA0783.1","PKNOX2"
"708","MA0784.1","POU1F1"
"709","MA0784.2","POU1F1"
"710","MA0785.1","POU2F1"
"711","MA0786.1","POU3F1"
"712","MA0787.1","POU3F2"
"713","MA0788.1","POU3F3"
"714","MA0789.1","POU3F4"
"715","MA0790.1","POU4F1"
"716","MA0791.1","POU4F3"
"717","MA0792.1","POU5F1B"
"718","MA0793.1","POU6F2"
"719","MA0794.1","PROX1"
"720","MA0795.1","SMAD3"
"721","MA0796.1","TGIF1"
"722","MA0797.1","TGIF2"
"723","MA0798.1","RFX3"
"724","MA0798.2","RFX3"
"725","MA0798.3","RFX3"
"726","MA0799.1","RFX4"
"727","MA0799.2","RFX4"
"728","MA0800.1","EOMES"
"729","MA0801.1","MGA"
"730","MA0802.1","TBR1"
"731","MA0803.1","TBX15"
"732","MA0804.1","TBX19"
"733","MA0805.1","TBX1"
"734","MA0806.1","TBX4"
"735","MA0807.1","TBX5"
"736","MA0808.1","TEAD3"
"737","MA0809.1","TEAD4"
"738","MA0809.2","TEAD4"
"739","MA0810.1","TFAP2A"
"740","MA0811.1","TFAP2B"
"741","MA0812.1","TFAP2B"
"742","MA0813.1","TFAP2B"
"743","MA0814.1","TFAP2C"
"744","MA0814.2","TFAP2C"
"745","MA0815.1","TFAP2C"
"746","MA0816.1","Ascl2"
"747","MA0817.1","BHLHE23"
"748","MA0818.1","BHLHE22"
"749","MA0818.2","BHLHE22"
"750","MA0819.1","CLOCK"
"751","MA0819.2","CLOCK"
"752","MA0820.1","FIGLA"
"753","MA0821.1","HES5"
"754","MA0821.2","HES5"
"755","MA0822.1","HES7"
"756","MA0823.1","HEY1"
"757","MA0825.1","MNT"
"758","MA0826.1","OLIG1"
"759","MA0827.1","OLIG3"
"760","MA0828.1","SREBF2"
"761","MA0828.2","SREBF2"
"762","MA0829.1","Srebf1"
"763","MA0829.2","SREBF1"
"764","MA0830.1","TCF4"
"765","MA0830.2","TCF4"
"766","MA0831.1","TFE3"
"767","MA0831.2","TFE3"
"768","MA0831.3","TFE3"
"769","MA0832.1","Tcf21"
"770","MA0833.1","ATF4"
"771","MA0833.2","ATF4"
"772","MA0834.1","ATF7"
"773","MA0835.2","BATF3"
"774","MA0836.1","CEBPD"
"775","MA0836.2","CEBPD"
"776","MA0837.1","CEBPE"
"777","MA0837.2","CEBPE"
"778","MA0838.1","CEBPG"
"779","MA0839.1","CREB3L1"
"780","MA0840.1","Creb5"
"781","MA0841.1","NFE2"
"782","MA0842.1","NRL"
"783","MA0842.2","NRL"
"784","MA0843.1","TEF"
"785","MA0844.1","XBP1"
"786","MA0845.1","FOXB1"
"787","MA0846.1","FOXC2"
"788","MA0847.1","FOXD2"
"789","MA0847.2","FOXD2"
"790","MA0847.3","FOXD2"
"791","MA0848.1","FOXO4"
"792","MA0849.1","FOXO6"
"793","MA0850.1","FOXP3"
"794","MA0851.1","Foxj3"
"795","MA0852.1","Foxk1"
"796","MA0852.2","FOXK1"
"797","MA0853.1","Alx4"
"798","MA0854.1","Alx1"
"799","MA0855.1","RXRB"
"800","MA0856.1","RXRG"
"801","MA0857.1","Rarb"
"802","MA0858.1","Rarb"
"803","MA0859.1","Rarg"
"804","MA0860.1","Rarg"
"805","MA0861.1","TP73"
"806","MA0862.1","GMEB2"
"807","MA0863.1","MTF1"
"808","MA0864.1","E2F2"
"809","MA0864.2","E2F2"
"810","MA0865.1","E2F8"
"811","MA0865.2","E2F8"
"812","MA0866.1","SOX21"
"813","MA0867.1","SOX4"
"814","MA0867.2","SOX4"
"815","MA0868.1","SOX8"
"816","MA0868.2","SOX8"
"817","MA0869.1","Sox11"
"818","MA0869.2","Sox11"
"819","MA0870.1","Sox1"
"820","MA0871.1","TFEC"
"821","MA0871.2","TFEC"
"822","MA0872.1","TFAP2A"
"823","MA0873.1","HOXD12"
"824","MA0874.1","Arx"
"825","MA0875.1","BARX1"
"826","MA0876.1","BSX"
"827","MA0877.1","Barhl1"
"828","MA0877.2","BARHL1"
"829","MA0877.3","BARHL1"
"830","MA0878.1","CDX1"
"831","MA0878.2","CDX1"
"832","MA0878.3","CDX1"
"833","MA0879.1","Dlx1"
"834","MA0879.2","DLX1"
"835","MA0880.1","Dlx3"
"836","MA0881.1","Dlx4"
"837","MA0882.1","DLX6"
"838","MA0883.1","Dmbx1"
"839","MA0884.1","DUXA"
"840","MA0884.2","DUXA"
"841","MA0885.1","Dlx2"
"842","MA0885.2","Dlx2"
"843","MA0886.1","EMX2"
"844","MA0887.1","EVX1"
"845","MA0888.1","EVX2"
"846","MA0889.1","GBX1"
"847","MA0890.1","GBX2"
"848","MA0891.1","GSC2"
"849","MA0892.1","GSX1"
"850","MA0893.1","GSX2"
"851","MA0893.2","GSX2"
"852","MA0894.1","HESX1"
"853","MA0895.1","HMBOX1"
"854","MA0896.1","Hmx1"
"855","MA0897.1","Hmx2"
"856","MA0898.1","Hmx3"
"857","MA0899.1","HOXA10"
"858","MA0900.1","HOXA2"
"859","MA0900.2","HOXA2"
"860","MA0901.1","HOXB13"
"861","MA0901.2","HOXB13"
"862","MA0902.1","HOXB2"
"863","MA0902.2","HOXB2"
"864","MA0903.1","HOXB3"
"865","MA0904.1","Hoxb5"
"866","MA0904.2","HOXB5"
"867","MA0905.1","HOXC10"
"868","MA0906.1","HOXC12"
"869","MA0907.1","HOXC13"
"870","MA0908.1","HOXD11"
"871","MA0909.1","HOXD13"
"872","MA0909.2","HOXD13"
"873","MA0909.3","Hoxd13"
"874","MA0910.1","Hoxd8"
"875","MA0910.2","HOXD8"
"876","MA0911.1","Hoxa11"
"877","MA0912.1","Hoxd3"
"878","MA0912.2","HOXD3"
"879","MA0913.1","Hoxd9"
"880","MA0913.2","HOXD9"
"881","MA0914.1","ISL2"
"882","MA1099.1","Hes1"
"883","MA1099.2","HES1"
"884","MA1100.1","ASCL1"
"885","MA1100.2","ASCL1"
"886","MA1101.1","BACH2"
"887","MA1101.2","BACH2"
"888","MA1102.1","CTCFL"
"889","MA1102.2","CTCFL"
"890","MA1103.1","FOXK2"
"891","MA1103.2","FOXK2"
"892","MA1104.1","GATA6"
"893","MA1104.2","GATA6"
"894","MA1105.1","GRHL2"
"895","MA1105.2","GRHL2"
"896","MA1106.1","HIF1A"
"897","MA1107.1","KLF9"
"898","MA1107.2","KLF9"
"899","MA1108.1","MXI1"
"900","MA1108.2","MXI1"
"901","MA1109.1","NEUROD1"
"902","MA1110.1","NR1H4"
"903","MA1110.2","Nr1H4"
"904","MA1111.1","NR2F2"
"905","MA1112.1","NR4A1"
"906","MA1112.2","NR4A1"
"907","MA1113.1","PBX2"
"908","MA1113.2","PBX2"
"909","MA1114.1","PBX3"
"910","MA1115.1","POU5F1"
"911","MA1116.1","RBPJ"
"912","MA1117.1","RELB"
"913","MA1118.1","SIX1"
"914","MA1119.1","SIX2"
"915","MA1120.1","SOX13"
"916","MA1121.1","TEAD2"
"917","MA1122.1","TFDP1"
"918","MA1123.1","TWIST1"
"919","MA1123.2","TWIST1"
"920","MA1124.1","ZNF24"
"921","MA1125.1","ZNF384"
"922","MA1126.1","FOS::JUN"
"923","MA1127.1","FOSB::JUN"
"924","MA1128.1","FOSL1::JUN"
"925","MA1129.1","FOSL1::JUN"
"926","MA1130.1","FOSL2::JUN"
"927","MA1131.1","FOSL2::JUN"
"928","MA1132.1","JUN::JUNB"
"929","MA1133.1","JUN::JUNB"
"930","MA1134.1","FOS::JUNB"
"931","MA1135.1","FOSB::JUNB"
"932","MA1136.1","FOSB::JUNB"
"933","MA1137.1","FOSL1::JUNB"
"934","MA1138.1","FOSL2::JUNB"
"935","MA1139.1","FOSL2::JUNB"
"936","MA1140.1","JUNB"
"937","MA1140.2","JUNB"
"938","MA1141.1","FOS::JUND"
"939","MA1142.1","FOSL1::JUND"
"940","MA1143.1","FOSL1::JUND"
"941","MA1144.1","FOSL2::JUND"
"942","MA1145.1","FOSL2::JUND"
"943","MA1146.1","NR1H4::RXRA"
"944","MA1147.1","NR4A2::RXRA"
"945","MA1148.1","PPARA::RXRA"
"946","MA1149.1","RARA::RXRG"
"947","MA1150.1","RORB"
"948","MA1151.1","RORC"
"949","MA1152.1","SOX15"
"950","MA1153.1","Smad4"
"951","MA1154.1","ZNF282"
"952","MA1155.1","ZSCAN4"
"953","MA1418.1","IRF3"
"954","MA1419.1","IRF4"
"955","MA1420.1","IRF5"
"956","MA1421.1","TCF7L1"
"957","MA1463.1","ARGFX"
"958","MA1464.1","ARNT2"
"959","MA1466.1","ATF6"
"960","MA1467.1","ATOH1"
"961","MA1467.2","Atoh1"
"962","MA1468.1","ATOH7"
"963","MA1470.1","BACH2"
"964","MA1471.1","BARX2"
"965","MA1472.1","BHLHA15"
"966","MA1472.2","Bhlha15"
"967","MA1473.1","CDX4"
"968","MA1474.1","CREB3L4"
"969","MA1475.1","CREB3L4"
"970","MA1476.1","DLX5"
"971","MA1476.2","Dlx5"
"972","MA1478.1","DMRTA2"
"973","MA1479.1","DMRTC2"
"974","MA1480.1","DPRX"
"975","MA1481.1","DRGX"
"976","MA1483.1","ELF2"
"977","MA1483.2","ELF2"
"978","MA1484.1","ETS2"
"979","MA1485.1","FERD3L"
"980","MA1487.1","FOXE1"
"981","MA1487.2","FOXE1"
"982","MA1489.1","FOXN3"
"983","MA1491.1","GLI3"
"984","MA1491.2","GLI3"
"985","MA1493.1","HES6"
"986","MA1494.1","HNF4A"
"987","MA1495.1","HOXA1"
"988","MA1496.1","HOXA4"
"989","MA1497.1","HOXA6"
"990","MA1498.1","HOXA7"
"991","MA1498.2","HOXA7"
"992","MA1499.1","HOXB4"
"993","MA1500.1","HOXB6"
"994","MA1501.1","HOXB7"
"995","MA1502.1","HOXB8"
"996","MA1503.1","HOXB9"
"997","MA1504.1","HOXC4"
"998","MA1505.1","HOXC8"
"999","MA1506.1","HOXD10"
"1000","MA1507.1","HOXD4"
"1001","MA1508.1","IKZF1"
"1002","MA1509.1","IRF6"
"1003","MA1511.1","KLF10"
"1004","MA1511.2","KLF10"
"1005","MA1512.1","KLF11"
"1006","MA1513.1","KLF15"
"1007","MA1514.1","KLF17"
"1008","MA1515.1","KLF2"
"1009","MA1516.1","KLF3"
"1010","MA1517.1","KLF6"
"1011","MA1518.1","LHX1"
"1012","MA1518.2","Lhx1"
"1013","MA1519.1","LHX5"
"1014","MA1520.1","MAF"
"1015","MA1521.1","MAFA"
"1016","MA1522.1","MAZ"
"1017","MA1523.1","MSANTD3"
"1018","MA1524.1","MSGN1"
"1019","MA1524.2","Msgn1"
"1020","MA1525.1","NFATC4"
"1021","MA1525.2","NFATC4"
"1022","MA1527.1","NFIC"
"1023","MA1528.1","NFIX"
"1024","MA1529.1","NHLH2"
"1025","MA1530.1","NKX6-3"
"1026","MA1531.1","NR1D1"
"1027","MA1532.1","NR1D2"
"1028","MA1532.2","NR1D2"
"1029","MA1533.1","NR1I2"
"1030","MA1534.1","NR1I3"
"1031","MA1535.1","NR2C1"
"1032","MA1536.1","NR2C2"
"1033","MA1537.1","NR2F1"
"1034","MA1538.1","NR2F1"
"1035","MA1539.1","NR2F6"
"1036","MA1540.1","NR5A1"
"1037","MA1540.2","NR5A1"
"1038","MA1541.1","NR6A1"
"1039","MA1542.1","OSR1"
"1040","MA1544.1","OVOL1"
"1041","MA1545.1","OVOL2"
"1042","MA1546.1","PAX3"
"1043","MA1547.1","PITX2"
"1044","MA1547.2","PITX2"
"1045","MA1548.1","PLAGL2"
"1046","MA1549.1","POU6F1"
"1047","MA1550.1","PPARD"
"1048","MA1552.1","RARB"
"1049","MA1553.1","RARG"
"1050","MA1554.1","RFX7"
"1051","MA1555.1","RXRB"
"1052","MA1556.1","RXRG"
"1053","MA1557.1","SMAD5"
"1054","MA1558.1","SNAI1"
"1055","MA1559.1","SNAI3"
"1056","MA1560.1","SOHLH2"
"1057","MA1561.1","SOX12"
"1058","MA1562.1","SOX14"
"1059","MA1563.1","SOX18"
"1060","MA1563.2","SOX18"
"1061","MA1564.1","SP9"
"1062","MA1565.1","TBX18"
"1063","MA1566.1","TBX3"
"1064","MA1566.2","TBX3"
"1065","MA1567.1","TBX6"
"1066","MA1567.2","Tbx6"
"1067","MA1568.1","TCF21"
"1068","MA1569.1","TFAP2E"
"1069","MA1570.1","TFAP4"
"1070","MA1571.1","TGIF2LX"
"1071","MA1572.1","TGIF2LY"
"1072","MA1573.1","THAP11"
"1073","MA1573.2","Thap11"
"1074","MA1574.1","THRB"
"1075","MA1575.1","THRB"
"1076","MA1576.1","THRB"
"1077","MA1577.1","TLX2"
"1078","MA1578.1","VEZF1"
"1079","MA1579.1","ZBTB26"
"1080","MA1580.1","ZBTB32"
"1081","MA1581.1","ZBTB6"
"1082","MA1583.1","ZFP57"
"1083","MA1584.1","ZIC5"
"1084","MA1585.1","ZKSCAN1"
"1085","MA1587.1","ZNF135"
"1086","MA1588.1","ZNF136"
"1087","MA1589.1","ZNF140"
"1088","MA1592.1","ZNF274"
"1089","MA1593.1","ZNF317"
"1090","MA1594.1","ZNF382"
"1091","MA1596.1","ZNF460"
"1092","MA1597.1","ZNF528"
"1093","MA1599.1","ZNF682"
"1094","MA1600.1","ZNF684"
"1095","MA1601.1","ZNF75D"
"1096","MA1601.2","ZNF75D"
"1097","MA1602.1","ZSCAN29"
"1098","MA1603.1","Dmrt1"
"1099","MA1604.1","Ebf2"
"1100","MA1606.1","Foxf1"
"1101","MA1607.1","Foxl2"
"1102","MA1608.1","Isl1"
"1103","MA1615.1","Plagl1"
"1104","MA1616.1","Prdm15"
"1105","MA1618.1","Ptf1a"
"1106","MA1619.1","Ptf1A"
"1107","MA1620.1","Ptf1A"
"1108","MA1621.1","Rbpjl"
"1109","MA1623.1","Stat2"
"1110","MA1624.1","Stat5a"
"1111","MA1625.1","Stat5b"
"1112","MA1627.1","Wt1"
"1113","MA1628.1","Zic1::Zic2"
"1114","MA1629.1","Zic2"
"1115","MA1630.1","Znf281"
"1116","MA1630.2","ZNF281"
"1117","MA1631.1","ASCL1"
"1118","MA1632.1","ATF2"
"1119","MA1633.1","BACH1"
"1120","MA1633.2","BACH1"
"1121","MA1634.1","BATF"
"1122","MA1635.1","BHLHE22"
"1123","MA1636.1","CEBPG"
"1124","MA1637.1","EBF3"
"1125","MA1638.1","HAND2"
"1126","MA1639.1","MEIS1"
"1127","MA1640.1","MEIS2"
"1128","MA1641.1","MYF5"
"1129","MA1642.1","NEUROG2"
"1130","MA1643.1","NFIB"
"1131","MA1644.1","NFYC"
"1132","MA1645.1","NKX2-2"
"1133","MA1646.1","OSR2"
"1134","MA1647.1","PRDM4"
"1135","MA1647.2","Prdm4"
"1136","MA1648.1","TCF12"
"1137","MA1649.1","ZBTB12"
"1138","MA1650.1","ZBTB14"
"1139","MA1651.1","ZFP42"
"1140","MA1652.1","ZKSCAN5"
"1141","MA1653.1","ZNF148"
"1142","MA1654.1","ZNF16"
"1143","MA1655.1","ZNF341"
"1144","MA1656.1","ZNF449"
"1145","MA1657.1","ZNF652"
"1146","MA1683.1","FOXA3"
"1147","MA1684.1","Foxn1"
"1148","MA1707.1","DMRTA1"
"1149","MA1708.1","ETV7"
"1150","MA1709.1","ZIM3"
"1151","MA1710.1","ZNF257"
"1152","MA1711.1","ZNF343"
"1153","MA1712.1","ZNF454"
"1154","MA1713.1","ZNF610"
"1155","MA1714.1","ZNF675"
"1156","MA1715.1","ZNF707"
"1157","MA1716.1","ZNF76"
"1158","MA1717.1","ZNF784"
"1159","MA1718.1","ZNF8"
"1160","MA1719.1","ZNF816"
"1161","MA1720.1","ZNF85"
"1162","MA1721.1","ZNF93"
"1163","MA1722.1","ZSCAN31"
"1164","MA1723.1","PRDM9"
"1165","MA1724.1","Rfx6"
"1166","MA1725.1","ZNF189"
"1167","MA1726.1","ZNF331"
"1168","MA1727.1","ZNF417"
"1169","MA1728.1","ZNF549"
"1170","MA1729.1","ZNF680"
"1171","MA1730.1","ZNF708"
"1172","MA1731.1","ZNF768"
"1173","MA1760.1","TFCP2"
"1174","MA1779.1","TFAP4::ETV1"
"1175","MA1780.1","TFAP4::FLI1"
"1176","MA1781.1","ELK1::SREBF2"
"1177","MA1783.1","ERF::FOXI1"
"1178","MA1784.1","ERF::FOXO1"
"1179","MA1785.1","ETV2::FOXI1"
"1180","MA1786.1","ETV5::FOXI1"
"1181","MA1787.1","ETV5::FOXO1"
"1182","MA1788.1","FLI1::FOXI1"
"1183","MA1789.1","ELK1::HOXA1"
"1184","MA1790.1","ELK1::HOXB13"
"1185","MA1791.1","ERF::HOXB13"
"1186","MA1792.1","ETV2::HOXB13"
"1187","MA1793.1","ETV5::HOXA2"
"1188","MA1794.1","ETV2::DRGX"
"1189","MA1795.1","ETV5::DRGX"
"1190","MA1796.1","ERF::FIGLA"
"1191","MA1797.1","ERF::NHLH1"
"1192","MA1799.1","ETV5::FIGLA"
"1193","MA1800.1","FOS"
"1194","MA1801.1","FOXJ2::ELF1"
"1195","MA1802.1","FOXO1::ELF1"
"1196","MA1803.1","FOXO1::ELK1"
"1197","MA1804.1","FOXO1::ELK3"
"1198","MA1805.1","FOXO1::FLI1"
"1199","MA1807.1","HOXD12::ELK1"
"1200","MA1808.1","FLI1::DRGX"
"1201","MA1809.1","POU2F1::SOX2"
"1202","MA1810.1","MGA::EVX1"
"1203","MA1864.1","ZNF418"
"1204","MA1865.1","ZNF574"
"1205","MA1866.1","PATZ1"
"1206","MA1867.1","ZNF214"
"1207","MA1868.1","ZNF320"
"1208","MA1869.1","ZNF324"
"1209","MA1870.1","KLF7"
"1210","MA1871.1","ZFP14"
"1211","MA1872.1","ZNF354A"
"1212","MA1873.1","ZNF530"
"1213","MA1874.1","ZNF667"
"1214","MA1875.1","ZNF669"
"1215","MA1876.1","ZNF701"
"1216","MA1879.1","NKX2-4"
"1217","MA2020.1","ZBED2"
"1218","MA2021.1","TRPS1"
"1219","MA2022.1","BNC2"
"1220","MA2023.1","ZNF211"
"1221","MA2024.1","SATB1"
"1222","MA2025.1","CTCF"
"1223","MA2026.1","CTCF"
"1224","MA2027.1","ZKSCAN3"
"1225","MA2028.1","ZNF416"
"1226","MA2029.1","ZNF582"
"1227","MA2030.1","ZNF692"
"1228","MA2031.1","SMAD2"
"1229","MA2032.1","SP5"
"1230","MA2033.1","THRA"
"1231","MA2034.1","Bcl11B"
"1232","MA2035.1","Zfp335"
"1233","MA2036.1","Atf3"
"1234","MA2037.1","Six4"
"1235","MA2038.1","Gli1"
"1236","MA2039.1","Prdm5"
"1237","MA2040.1","Prdm14"
"1238","MA2041.1","Nkx2-1"
"1239","MA2042.1","Npas4"
"1240","MA2043.1","Hnf1A"
"1241","MA2044.1","Neurod2"
"1242","MA2045.1","Olig2"
"1243","MA2046.1","Ikzf3"
"1244","MA2047.1","Nr1H2"
